Number,Title
1,The beginning
2,Adam and Eve
3,The sneaky snake
4,Noah's Ark
5,The tall tower
6,A new home
7,The visitors
8,A bride for Isaac
9,Isaac's blessing
10,Jacob's dream
11,Jacob and Esau meet again
12,Joseph's colorful robe
13,Pharaoh's dreams
14,Joseph saves his family
15,A baby in a basket
16,The burning bush
17,Ten plagues
18,The Red Sea
19,Food from heaven
20,Ten Commandments
21,Twelve spies
22,Joshua and the spies
23,The battle of Jericho
24,Deborah leads the way
25,Gideon's battle
26,Samson
27,Ruth and Naomi
28,Hannah's prayer
29,A voice in the night
30,Israel's first king
31,A good heart
32,David and Goliath
33,Best friends
34,King David
35,The Lord is my Shepherd
36,The wise King
37,God watches over Elijah
38,Elijah helps a widow
39,Fire from heaven
40,Chariot of fire
41,Jars of oil
42,Elisha's room
43,Naaman is healed
44,Boy King Josiah
45,The brave queen
46,Fiery furnace
47,Daniel and the lions
48,Jonah and the big fish
49,An angel visits Mary
50,Baby Jesus is born
51,Shepherds visit
52,Simeon and Anna meet baby Jesus
53,The bright star and three visitors
54,An angry king
55,Jesus is lost!
56,John Baptizes Jesus
57,Jesus chooses His disciples
58,Jesus' first miracle
59,Jesus teaches on a mountain
60,The Lord's Prayer
61,A captain's faith
62,A hole in the roof
63,Jesus calms the storm
64,Two miracles
65,A fisherman's net
66,Jesus feeds thousands
67,Jesus walks on water
68,Jesus heals a blind beggar
69,Money in a fish
70,The Good Samaritan
71,Mary and Martha
72,The lost sheep
73,The lost son
74,Ten lepers
75,Jesus and the children
76,A short man
77,Lazarus lives again
78,A gift for Jesus
79,The true king
80,A poor widow's gift
81,Washing the disciples' feet
82,The Last Supper
83,Jesus is arrested and crucified
84,Jesus is risen!
85,Jesus returns
86,A net full of fish
87,Jesus goes to heaven
88,The Holy Spirit comes
89,The first church
90,The lame men
91,A changed man
92,Paul's journeys
93,Earthquake in prison
94,Jesus is coming!
